episode,question_id,total_reward,num_steps,num_llm_calls,final_status,verification_pass,citation_support,latency_seconds,token_usage,buffer_size,total_gradient_updates,critic_loss,actor_loss_retriever,actor_loss_rewriter,actor_loss_grader,actor_loss_generator,actor_loss_verifier,trained_so_far
1,Q008,0.3662,4,2,accepted,1,0.6667,25.795,564,4,0,,,,,,,False
2,Q002,0.6123,4,2,accepted,1,1.0,3.525,380,8,0,,,,,,,False
3,Q018,0.3261,4,2,accepted,1,1.0,9.247,1094,12,0,,,,,,,False
4,Q016,0.4392,4,2,accepted,1,1.0,11.119,1308,16,0,,,,,,,False
5,Q015,0.0251,4,2,accepted,1,0.5,4.728,1055,20,0,,,,,,,False
6,Q009,0.3642,4,2,accepted,1,1.0,4.771,767,24,0,,,,,,,False
7,Q007,0.569,4,2,accepted,1,1.0,2.416,277,28,0,,,,,,,False
8,Q035,0.3575,4,2,accepted,1,0.6667,7.265,929,32,0,,,,,,,False
9,Q006,0.168,4,2,accepted,1,0.5,6.444,332,36,0,,,,,,,False
10,Q038,0.2234,4,2,accepted,1,0.6667,4.727,1001,40,0,,,,,,,False
11,Q028,0.5267,4,2,accepted,1,1.0,18.23,429,44,0,,,,,,,False
12,Q003,0.1697,4,2,accepted,1,0.5,7.644,1159,48,0,,,,,,,False
13,Q002,0.6127,4,2,accepted,1,1.0,2.656,380,52,0,,,,,,,False
14,Q006,0.3628,4,2,accepted,1,1.0,6.258,264,56,0,,,,,,,False
15,Q014,0.1281,4,2,accepted,1,0.6667,5.267,1271,60,0,,,,,,,False
16,Q015,0.0779,4,2,accepted,1,0.5,4.035,1386,64,1,0.15889,-0.378397,nan,-0.533106,-0.247513,-0.371872,True
17,Q011,0.1507,4,2,accepted,1,0.5,28.761,1179,68,3,0.031046,-0.715209,nan,-0.62383,-0.049305,-0.724476,True
18,Q008,0.4624,4,2,accepted,1,1.0,20.931,582,72,5,0.036489,-0.816512,nan,-0.703869,-0.317255,-0.5786,True
19,Q014,0.2203,4,2,accepted,1,0.5,22.569,384,76,7,0.011648,-0.676812,nan,-0.669894,-0.49021,-0.480071,True
20,Q018,0.403,4,2,accepted,1,1.0,21.792,257,80,9,0.015911,-0.476906,nan,-0.538191,-0.411479,-0.46976,True
21,Q036,0.378,4,2,accepted,1,1.0,16.508,291,84,11,0.016731,-0.444113,nan,-0.544385,-0.342083,-0.540144,True
22,Q026,0.4365,4,2,accepted,1,1.0,20.433,486,88,13,0.010549,-0.407581,nan,-0.532452,-0.205073,-0.568648,True
23,Q004,0.6169,4,2,accepted,1,1.0,17.842,291,92,15,0.005664,-0.438159,nan,-0.507095,-0.120672,-0.560418,True
24,Q032,0.3252,4,2,accepted,1,1.0,25.737,729,96,17,0.005112,-0.514407,nan,-0.499735,-0.113587,-0.524628,True
25,Q001,0.8134,4,2,accepted,1,1.0,15.908,279,100,19,0.006898,-0.501586,nan,-0.448723,-0.064319,-0.521355,True
26,Q012,0.4671,4,2,accepted,1,1.0,5.087,387,104,21,0.008358,-0.487064,nan,-0.456202,-0.089244,-0.636306,True
27,Q034,0.3854,4,2,accepted,1,1.0,18.625,599,108,23,0.007639,-0.471749,nan,-0.422461,-0.089931,-0.608431,True
28,Q020,0.4956,4,2,accepted,1,1.0,20.672,388,112,25,0.004659,-0.51418,nan,-0.486839,-0.161029,-0.564883,True
29,Q023,0.4752,4,2,accepted,1,1.0,23.233,684,116,27,0.007188,-0.552676,nan,-0.521947,-0.220994,-0.579095,True
30,Q009,0.4024,4,2,accepted,1,1.0,2.345,116,120,29,0.00528,-0.571652,nan,-0.529263,-0.235796,-0.559176,True
31,Q034,0.1184,4,3,accepted,1,0.6,24.464,1491,124,31,0.006926,-0.55702,nan,-0.563599,-0.245623,-0.614295,True
32,Q007,0.5624,4,2,accepted,1,1.0,18.318,277,128,33,0.006148,-0.537974,nan,-0.555368,-0.241623,-0.571352,True
33,Q037,0.5533,4,3,accepted,1,1.0,18.317,1150,132,35,0.006609,-0.512205,nan,-0.582249,-0.285804,-0.609618,True
34,Q026,0.4397,4,2,accepted,1,1.0,19.032,544,136,37,0.005157,-0.487751,nan,-0.614477,-0.239919,-0.575348,True
35,Q010,0.6181,4,2,accepted,1,1.0,16.784,452,140,39,0.005525,-0.50784,nan,-0.608914,-0.252904,-0.606639,True
36,Q035,0.4515,4,3,accepted,1,1.0,17.599,1425,144,41,0.009909,-0.533685,nan,-0.664134,-0.247058,-0.617298,True
37,Q028,0.5164,4,2,accepted,1,1.0,16.779,442,148,43,0.005208,-0.469403,nan,-0.568279,-0.227672,-0.571345,True
38,Q034,0.2195,4,3,accepted,1,0.6667,22.299,1466,152,45,0.008932,-0.494737,nan,-0.625531,-0.222112,-0.595177,True
39,Q002,0.6601,4,2,accepted,1,1.0,16.762,380,156,47,0.008967,-0.547908,nan,-0.675814,-0.208457,-0.637778,True
40,Q018,0.406,4,3,accepted,1,1.0,20.603,889,160,49,0.003354,-0.51188,nan,-0.608566,-0.227971,-0.58821,True
41,Q017,0.496,4,3,accepted,1,1.0,26.305,1656,164,51,0.006717,-0.519604,nan,-0.637549,-0.248571,-0.600189,True
42,Q020,0.5774,4,3,accepted,1,1.0,22.213,1156,168,53,0.00551,-0.526573,nan,-0.624516,-0.22099,-0.673474,True
43,Q026,0.4496,4,3,accepted,1,1.0,20.024,1296,172,55,0.005078,-0.439932,nan,-0.549997,-0.200243,-0.588218,True
44,Q025,0.4946,4,3,accepted,1,1.0,19.957,1451,176,57,0.004013,-0.564198,nan,-0.591949,-0.24648,-0.676351,True
45,Q024,0.4376,4,3,accepted,1,1.0,20.607,1517,180,59,0.00623,-0.553888,nan,-0.627728,-0.236666,-0.597149,True
46,Q008,0.4874,4,3,accepted,1,1.0,21.768,1210,184,61,0.006629,-0.559547,nan,-0.557044,-0.244644,-0.604828,True
47,Q004,0.5474,4,3,accepted,1,1.0,21.427,1145,188,63,0.002677,-0.538613,nan,-0.595262,-0.250774,-0.677761,True
48,Q019,0.5283,4,3,accepted,1,1.0,26.885,1097,192,65,0.003458,-0.485239,nan,-0.5607,-0.255345,-0.660355,True
49,Q036,0.3751,4,3,accepted,1,1.0,23.538,886,196,67,0.002973,-0.560569,nan,-0.56382,-0.273835,-0.644087,True
50,Q031,0.3556,4,3,accepted,1,0.75,25.487,1184,200,69,0.0036,-0.556477,nan,-0.639182,-0.336341,-0.620759,True
51,Q021,0.4431,4,3,accepted,1,1.0,15.587,748,204,71,0.00394,-0.542536,nan,-0.584255,-0.348752,-0.648438,True
52,Q032,0.3462,4,3,accepted,1,1.0,31.075,1598,208,73,0.004742,-0.484083,nan,-0.526126,-0.297473,-0.596714,True
53,Q036,0.3707,4,3,accepted,1,1.0,18.427,894,212,75,0.006051,-0.526375,nan,-0.605338,-0.37484,-0.645245,True
54,Q014,0.2405,4,3,accepted,1,0.6667,24.355,1036,216,77,0.005143,-0.519805,nan,-0.527232,-0.373654,-0.646729,True
55,Q021,0.4505,4,3,accepted,1,1.0,16.303,743,220,79,0.003477,-0.50138,nan,-0.472759,-0.313465,-0.645893,True
56,Q029,0.4356,4,3,accepted,1,1.0,22.517,1154,224,81,0.002421,-0.546731,nan,-0.516563,-0.322767,-0.64625,True
57,Q002,0.6588,4,3,accepted,1,1.0,20.06,1109,228,83,0.005707,-0.533409,nan,-0.544763,-0.36618,-0.601503,True
58,Q002,0.6607,4,2,accepted,1,1.0,15.351,380,232,85,0.003243,-0.514572,nan,-0.523782,-0.338992,-0.550554,True
59,Q027,0.4572,4,3,accepted,1,1.0,22.013,1266,236,87,0.00358,-0.529822,nan,-0.574795,-0.39833,-0.643516,True
60,Q023,0.4866,4,3,accepted,1,1.0,23.765,1410,240,89,0.004933,-0.524116,nan,-0.498305,-0.352553,-0.632755,True
61,Q003,0.1874,4,3,accepted,1,0.5,20.304,850,244,91,0.002819,-0.494899,nan,-0.482261,-0.334127,-0.619711,True
62,Q019,0.5267,4,3,accepted,1,1.0,20.466,1083,248,93,0.005877,-0.610773,nan,-0.569184,-0.360679,-0.647531,True
63,Q034,0.4212,4,3,accepted,1,1.0,23.804,1446,252,95,0.001066,-0.557093,nan,-0.481677,-0.348877,-0.603953,True
64,Q013,0.4443,4,3,accepted,1,1.0,19.284,1165,256,97,0.004038,-0.542554,nan,-0.484812,-0.327769,-0.604795,True
65,Q012,0.3521,4,3,accepted,1,1.0,21.52,1047,260,99,0.001835,-0.54054,nan,-0.509743,-0.382384,-0.68147,True
66,Q024,0.4377,4,3,accepted,1,1.0,20.344,1494,264,101,0.001737,-0.519869,nan,-0.483313,-0.380217,-0.5631,True
67,Q031,0.3752,4,3,accepted,1,0.6667,21.934,1116,268,103,0.00663,-0.538008,nan,-0.470595,-0.418657,-0.657064,True
68,Q033,0.2615,4,3,accepted,1,0.75,21.772,1111,272,105,0.004013,-0.528456,nan,-0.461495,-0.452115,-0.664758,True
69,Q012,0.382,4,3,accepted,1,1.0,23.429,1055,276,107,0.003021,-0.476671,nan,-0.465329,-0.437749,-0.639712,True
70,Q003,0.2422,4,3,accepted,1,0.5,19.331,841,280,109,0.003689,-0.521119,nan,-0.504837,-0.411426,-0.614875,True
71,Q014,0.3926,4,3,accepted,1,1.0,22.404,1022,284,111,0.002907,-0.557537,nan,-0.519425,-0.424416,-0.683613,True
72,Q005,0.8122,4,3,accepted,1,1.0,18.839,1059,288,113,0.002766,-0.506019,nan,-0.420877,-0.358383,-0.557968,True
73,Q035,0.305,4,3,accepted,1,0.6667,19.801,1374,292,115,0.004349,-0.571933,nan,-0.513187,-0.388865,-0.61875,True
74,Q006,0.3425,4,2,accepted,1,1.0,16.548,313,296,117,0.002067,-0.581496,nan,-0.496929,-0.401718,-0.647091,True
75,Q015,0.4438,4,3,accepted,1,1.0,19.749,1403,300,119,0.003966,-0.527963,nan,-0.476468,-0.419806,-0.611339,True
76,Q022,0.2847,4,2,accepted,1,0.6667,18.553,483,304,121,0.006324,-0.562092,nan,-0.508394,-0.462086,-0.629541,True
77,Q032,0.3466,4,3,accepted,1,1.0,28.773,1670,308,123,0.006691,-0.597179,nan,-0.457985,-0.497802,-0.613554,True
78,Q027,0.4684,4,3,accepted,1,1.0,22.823,1236,312,125,0.00322,-0.561869,nan,-0.471677,-0.463696,-0.592991,True
79,Q034,0.2348,4,3,accepted,1,0.6667,10.117,915,316,127,0.003383,-0.598359,nan,-0.457196,-0.472662,-0.584765,True
80,Q026,0.4285,4,3,accepted,1,1.0,23.404,1324,320,129,0.00536,-0.560854,nan,-0.459317,-0.448106,-0.585658,True
81,Q037,0.5184,4,3,accepted,1,1.0,18.45,1164,324,131,0.002741,-0.541151,nan,-0.427783,-0.397249,-0.530711,True
82,Q038,0.4552,4,3,accepted,1,1.0,5.623,1229,328,133,0.002591,-0.568045,nan,-0.512384,-0.438999,-0.642147,True
83,Q018,0.4109,4,3,accepted,1,1.0,21.761,878,332,135,0.003977,-0.551081,nan,-0.471566,-0.429132,-0.621488,True
84,Q032,0.2975,4,3,accepted,1,1.0,14.181,1504,336,137,0.003671,-0.484482,nan,-0.382198,-0.380638,-0.550776,True
85,Q017,0.5134,4,3,accepted,1,1.0,11.075,1332,340,139,0.00179,-0.574834,nan,-0.469095,-0.4248,-0.590822,True
86,Q016,0.4128,4,2,accepted,1,1.0,6.954,617,344,141,0.00509,-0.589319,nan,-0.468799,-0.422885,-0.55142,True
87,Q009,0.4327,4,2,accepted,1,1.0,17.552,294,348,143,0.003352,-0.525277,nan,-0.409322,-0.393425,-0.528469,True
88,Q025,0.5011,4,2,accepted,1,1.0,17.587,518,352,145,0.002125,-0.558665,nan,-0.492355,-0.51669,-0.667837,True
89,Q033,0.4011,4,3,accepted,1,1.0,21.181,1104,356,147,0.004902,-0.54582,nan,-0.453366,-0.488124,-0.621089,True
90,Q035,0.455,4,3,accepted,1,1.0,19.795,1374,360,149,0.003835,-0.494043,nan,-0.437662,-0.464422,-0.573915,True
91,Q016,0.4517,4,3,accepted,1,1.0,22.984,1528,364,151,0.003623,-0.594877,nan,-0.488315,-0.505223,-0.636181,True
92,Q028,0.4995,4,3,accepted,1,1.0,19.143,1049,368,153,0.003123,-0.572991,nan,-0.444608,-0.506759,-0.625862,True
93,Q001,0.8127,4,3,accepted,1,1.0,17.598,1028,372,155,0.00259,-0.50115,nan,-0.448732,-0.457556,-0.525424,True
94,Q030,0.5624,4,3,accepted,1,1.0,18.23,1103,376,157,0.00238,-0.572602,nan,-0.468884,-0.516145,-0.689044,True
95,Q016,0.4526,4,3,accepted,1,1.0,24.628,1522,380,159,0.006294,-0.519797,nan,-0.422554,-0.471212,-0.618309,True
96,Q022,0.2459,4,3,accepted,1,0.5,18.662,1057,384,161,0.006159,-0.501025,nan,-0.421299,-0.452599,-0.59564,True
97,Q025,0.5149,4,3,accepted,1,1.0,19.091,1305,388,163,0.001883,-0.576614,nan,-0.488977,-0.527636,-0.602718,True
98,Q022,0.2641,4,3,accepted,1,0.6667,19.11,1211,392,165,0.005876,-0.548826,nan,-0.445257,-0.483364,-0.598039,True
99,Q008,0.4723,4,3,accepted,1,1.0,10.467,1555,396,167,0.006182,-0.515511,nan,-0.43674,-0.476856,-0.588678,True
100,Q031,0.5259,4,3,accepted,1,1.0,20.054,1116,400,169,0.002721,-0.600559,nan,-0.46313,-0.514271,-0.642112,True
101,Q003,0.0206,4,3,accepted,1,0.5,22.815,822,404,171,0.006968,-0.54365,nan,-0.422659,-0.494729,-0.61846,True
102,Q030,0.5308,4,2,accepted,1,1.0,4.813,685,408,173,0.003548,-0.514484,nan,-0.404452,-0.481695,-0.577064,True
103,Q008,0.4911,4,2,accepted,1,1.0,5.408,506,412,175,0.001847,-0.565713,nan,-0.422745,-0.505272,-0.581213,True
104,Q004,0.6164,4,3,accepted,1,1.0,19.074,1092,416,177,0.003304,-0.558693,nan,-0.407813,-0.493873,-0.646813,True
105,Q014,0.1531,4,2,accepted,1,0.5,20.642,394,420,179,0.003874,-0.555894,nan,-0.333665,-0.469663,-0.595318,True
106,Q034,0.3793,4,3,accepted,1,1.0,24.043,2033,424,181,0.007662,-0.600834,nan,-0.34674,-0.498777,-0.556257,True
107,Q010,0.6167,4,2,accepted,1,1.0,16.412,442,428,183,0.004217,-0.619628,nan,-0.378561,-0.524372,-0.534253,True
108,Q001,0.2923,4,2,accepted,1,0.6667,6.609,503,432,185,0.00753,-0.587621,nan,-0.382905,-0.527721,-0.610391,True
109,Q011,0.3006,4,2,accepted,1,0.6667,6.641,516,436,187,0.002181,-0.524094,nan,-0.343584,-0.518845,-0.642028,True
110,Q022,0.2466,4,2,accepted,1,0.5,17.123,422,440,189,0.005118,-0.48161,nan,-0.288727,-0.441158,-0.593387,True
111,Q002,0.5627,4,2,accepted,1,1.0,2.575,652,444,191,0.004782,-0.550886,nan,-0.346976,-0.493343,-0.528933,True
112,Q015,0.0623,4,2,accepted,1,0.5,6.381,1374,448,193,0.004474,-0.631426,nan,-0.472115,-0.562135,-0.582903,True
113,Q024,0.4456,4,2,accepted,1,1.0,5.008,541,452,195,0.004771,-0.558013,nan,-0.335483,-0.471212,-0.584426,True
114,Q028,0.5059,4,2,accepted,1,1.0,3.814,482,456,197,0.00904,-0.500393,nan,-0.281923,-0.460581,-0.580941,True
115,Q018,0.3787,4,2,accepted,1,1.0,19.207,253,460,199,0.006225,-0.55943,nan,-0.318339,-0.526828,-0.639768,True
116,Q008,0.4865,4,2,accepted,1,1.0,5.655,514,464,201,0.00839,-0.556701,nan,-0.380987,-0.508614,-0.59916,True
117,Q010,0.6168,4,2,accepted,1,1.0,16.237,442,468,203,0.005565,-0.52504,nan,-0.367442,-0.481048,-0.596958,True
118,Q020,0.4953,4,2,accepted,1,1.0,4.634,403,472,205,0.003256,-0.512403,nan,-0.380392,-0.476682,-0.60037,True
119,Q010,0.6163,4,2,accepted,1,1.0,17.466,442,476,207,0.002524,-0.519323,nan,-0.362132,-0.471367,-0.600698,True
120,Q033,0.2625,4,2,accepted,1,0.75,22.14,483,480,209,0.001363,-0.503134,nan,-0.387361,-0.497562,-0.561961,True
121,Q005,0.8135,4,2,accepted,1,1.0,15.617,320,484,211,0.004333,-0.48993,nan,-0.382047,-0.478076,-0.620461,True
122,Q002,0.5627,4,2,accepted,1,1.0,2.678,1520,488,213,0.007208,-0.50202,nan,-0.387166,-0.503811,-0.578754,True
123,Q030,0.5627,4,2,accepted,1,1.0,17.465,331,492,215,0.005652,-0.497235,nan,-0.368931,-0.502174,-0.606947,True
124,Q029,0.4794,4,3,accepted,1,1.0,24.869,1204,496,217,0.005312,-0.446835,nan,-0.327982,-0.417934,-0.546956,True
125,Q010,0.6005,4,2,accepted,1,1.0,17.811,484,500,219,0.003018,-0.488739,nan,-0.367062,-0.519607,-0.603392,True
126,Q036,0.4505,4,2,accepted,1,1.0,2.641,291,504,221,0.003225,-0.493852,nan,-0.376021,-0.510815,-0.607409,True
127,Q013,0.3806,4,2,accepted,1,1.0,4.183,499,508,223,0.00305,-0.466148,nan,-0.333692,-0.477733,-0.52085,True
128,Q020,0.5081,4,2,accepted,1,1.0,21.907,373,512,225,0.003797,-0.46012,nan,-0.343882,-0.488322,-0.560357,True
129,Q005,0.8135,4,2,accepted,1,1.0,15.692,320,516,227,0.002581,-0.456307,nan,-0.336989,-0.474723,-0.576526,True
130,Q030,0.4307,4,2,accepted,1,1.0,4.972,685,520,229,0.003855,-0.487326,nan,-0.366837,-0.500414,-0.535731,True
131,Q026,0.4449,4,2,accepted,1,1.0,6.552,471,524,231,0.003342,-0.520339,nan,-0.35255,-0.499964,-0.586375,True
132,Q022,0.2468,4,2,accepted,1,0.5,16.569,422,528,233,0.004251,-0.485925,nan,-0.359465,-0.488512,-0.58582,True
133,Q028,0.5291,4,2,accepted,1,1.0,3.368,440,532,235,0.005866,-0.489492,nan,-0.372397,-0.523056,-0.59186,True
134,Q037,0.5187,4,3,accepted,1,1.0,17.904,1164,536,237,0.006847,-0.470919,nan,-0.378095,-0.504179,-0.657448,True
135,Q024,0.4732,4,2,accepted,1,1.0,5.568,860,540,239,0.002344,-0.425414,nan,-0.336827,-0.455014,-0.654275,True
136,Q032,0.3133,4,3,accepted,1,1.0,30.905,2406,544,241,0.004348,-0.39724,nan,-0.333417,-0.458187,-0.581598,True
137,Q009,0.3907,4,2,accepted,1,1.0,4.754,166,548,243,0.002956,-0.443845,nan,-0.353074,-0.529363,-0.58817,True
138,Q015,0.0343,4,2,accepted,1,0.5,5.665,773,552,245,0.003959,-0.466085,nan,-0.381481,-0.532657,-0.537287,True
139,Q032,0.1762,4,3,accepted,1,0.8,28.353,1313,556,247,0.004034,-0.454331,nan,-0.361008,-0.47804,-0.62582,True
140,Q022,0.2459,4,3,accepted,1,0.5,18.785,1180,560,249,0.004964,-0.440267,nan,-0.353525,-0.479849,-0.583871,True
141,Q029,0.4806,4,3,accepted,1,1.0,22.041,1321,564,251,0.002552,-0.455294,nan,-0.356648,-0.482421,-0.603354,True
142,Q013,0.3464,4,3,accepted,1,1.0,6.409,1425,568,253,0.002917,-0.462967,nan,-0.354811,-0.506416,-0.581689,True
143,Q014,0.1524,4,3,accepted,1,0.5,22.193,1156,572,255,0.003702,-0.464007,nan,-0.35347,-0.507866,-0.536989,True
144,Q019,0.5344,4,3,accepted,1,1.0,25.429,1100,576,257,0.01042,-0.462343,nan,-0.371002,-0.495898,-0.587676,True
145,Q009,0.391,4,2,accepted,1,1.0,4.082,166,580,259,0.004143,-0.436912,nan,-0.358482,-0.493915,-0.617098,True
146,Q033,0.2631,4,3,accepted,1,0.75,20.674,1126,584,261,0.003633,-0.383638,nan,-0.344747,-0.466223,-0.666585,True
147,Q036,0.4504,4,2,accepted,1,1.0,2.755,291,588,263,0.004113,-0.413138,nan,-0.357647,-0.469472,-0.563599,True
148,Q034,0.235,4,3,accepted,1,0.5,24.12,950,592,265,0.003884,-0.485348,nan,-0.376392,-0.541396,-0.632564,True
149,Q002,0.5626,4,2,accepted,1,1.0,2.893,1229,596,267,0.003917,-0.435871,nan,-0.35421,-0.504215,-0.586399,True
150,Q030,0.3808,4,2,accepted,1,1.0,5.861,392,600,269,0.003823,-0.405484,nan,-0.331296,-0.475751,-0.534445,True
151,Q029,0.461,4,3,accepted,1,1.0,25.196,2071,604,271,0.002824,-0.443052,nan,-0.386753,-0.524765,-0.637602,True
152,Q037,0.5387,4,3,accepted,1,1.0,17.636,1154,608,273,0.002685,-0.447491,nan,-0.391515,-0.530302,-0.599322,True
153,Q011,-0.0718,4,3,accepted,1,0.25,33.133,1565,612,275,0.002926,-0.380684,nan,-0.332486,-0.443247,-0.534954,True
154,Q013,0.3889,4,2,accepted,1,1.0,17.4,511,616,277,0.003182,-0.41299,nan,-0.360919,-0.489767,-0.566411,True
155,Q007,0.5688,4,2,accepted,1,1.0,2.853,277,620,279,0.007469,-0.460218,nan,-0.396581,-0.500887,-0.588998,True
156,Q010,0.6089,4,3,accepted,1,1.0,8.284,2708,624,281,0.004485,-0.417495,nan,-0.381809,-0.464832,-0.510638,True
157,Q032,0.1713,4,3,accepted,1,0.8,27.058,1359,628,283,0.004632,-0.412498,nan,-0.360002,-0.484136,-0.497037,True
158,Q007,0.5689,4,2,accepted,1,1.0,2.559,277,632,285,0.004421,-0.454178,nan,-0.394388,-0.571856,-0.604062,True
159,Q008,0.4865,4,2,accepted,1,1.0,5.544,514,636,287,0.004778,-0.453357,nan,-0.373671,-0.529484,-0.607451,True
160,Q018,0.3787,4,2,accepted,1,1.0,19.064,253,640,289,0.0022,-0.383964,nan,-0.348914,-0.450148,-0.623151,True
161,Q027,0.3567,4,2,accepted,1,1.0,6.181,450,644,291,0.003924,-0.395352,nan,-0.367672,-0.463643,-0.635224,True
162,Q002,0.5627,4,2,accepted,1,1.0,2.536,1520,648,293,0.003669,-0.399526,nan,-0.387763,-0.49769,-0.586245,True
163,Q018,0.3792,4,2,accepted,1,1.0,17.873,253,652,295,0.002282,-0.418939,nan,-0.376415,-0.457052,-0.571968,True
164,Q030,0.4684,4,2,accepted,1,1.0,3.775,331,656,297,0.005692,-0.424435,nan,-0.407628,-0.500372,-0.582814,True
165,Q027,0.2942,4,2,accepted,1,1.0,21.851,1671,660,299,0.002729,-0.438701,nan,-0.346396,-0.505182,-0.60749,True
166,Q035,0.3716,4,3,accepted,1,0.6667,19.943,1375,664,301,0.003068,-0.40397,nan,-0.346328,-0.467705,-0.612499,True
167,Q022,0.2456,4,3,accepted,1,0.5,19.522,1222,668,303,0.002248,-0.388355,nan,-0.349223,-0.478809,-0.583213,True
168,Q016,0.4035,4,2,accepted,1,1.0,6.122,619,672,305,0.004183,-0.418805,nan,-0.368364,-0.477762,-0.612752,True
169,Q020,0.509,4,2,accepted,1,1.0,19.651,373,676,307,0.004176,-0.400161,nan,-0.380138,-0.464931,-0.553215,True
170,Q038,0.4228,4,3,accepted,1,1.0,18.764,1422,680,309,0.004143,-0.414635,nan,-0.380107,-0.483878,-0.582959,True
171,Q011,0.2864,4,2,accepted,1,0.6667,6.311,562,684,311,0.002243,-0.420388,nan,-0.427209,-0.530785,-0.622665,True
172,Q012,0.3238,4,2,accepted,1,1.0,8.07,998,688,313,0.004124,-0.400977,nan,-0.347202,-0.49198,-0.601776,True
173,Q007,0.569,4,2,accepted,1,1.0,2.345,277,692,315,0.00619,-0.386281,nan,-0.344491,-0.428503,-0.541315,True
174,Q001,0.2927,4,2,accepted,1,0.6667,5.418,503,696,317,0.004556,-0.459814,nan,-0.436716,-0.568375,-0.624238,True
175,Q028,0.5291,4,2,accepted,1,1.0,3.47,440,700,319,0.010459,-0.435256,nan,-0.394768,-0.511223,-0.555347,True
176,Q008,0.4734,4,2,accepted,1,1.0,7.767,548,704,321,0.005984,-0.35976,nan,-0.330866,-0.434986,-0.498148,True
177,Q026,0.4309,4,2,accepted,1,1.0,17.704,665,708,323,0.003869,-0.457635,nan,-0.404748,-0.553657,-0.632725,True
178,Q016,0.4132,4,2,accepted,1,1.0,6.032,617,712,325,0.008848,-0.465586,nan,-0.388292,-0.554408,-0.597029,True
179,Q006,0.1679,4,2,accepted,1,0.5,6.54,515,716,327,0.003644,-0.368407,nan,-0.349208,-0.469276,-0.548075,True
180,Q019,0.2702,4,2,accepted,1,0.5,3.677,330,720,329,0.002951,-0.426467,nan,-0.415038,-0.489,-0.578889,True
181,Q011,0.2943,4,2,accepted,1,0.75,7.497,594,724,331,0.005153,-0.435072,nan,-0.436146,-0.536622,-0.562083,True
182,Q014,0.1831,4,2,accepted,1,0.6667,5.914,596,728,333,0.005195,-0.417828,nan,-0.380925,-0.468991,-0.483399,True
183,Q021,0.2737,4,2,accepted,1,1.0,3.102,811,732,335,0.002658,-0.417718,nan,-0.394632,-0.507779,-0.654544,True
184,Q004,0.6075,4,3,accepted,1,1.0,19.011,1026,736,337,0.006554,-0.438804,nan,-0.399044,-0.514189,-0.612044,True
185,Q009,0.391,4,2,accepted,1,1.0,4.061,166,740,339,0.002742,-0.468481,nan,-0.380687,-0.513385,-0.582524,True
186,Q002,0.5626,4,2,accepted,1,1.0,2.951,650,744,341,0.005233,-0.483495,nan,-0.365114,-0.495314,-0.549382,True
187,Q035,0.3712,4,3,accepted,1,0.6667,20.718,1390,748,343,0.003037,-0.482209,nan,-0.410063,-0.525373,-0.574883,True
188,Q030,0.3351,4,2,accepted,1,1.0,5.815,1548,752,345,0.005764,-0.545989,nan,-0.434851,-0.514264,-0.577511,True
189,Q009,0.3908,4,2,accepted,1,1.0,4.54,166,756,347,0.004429,-0.464114,nan,-0.395539,-0.487183,-0.604663,True
190,Q037,0.5189,4,3,accepted,1,1.0,17.423,1164,760,349,0.004044,-0.492574,nan,-0.401849,-0.458397,-0.581958,True
191,Q006,-0.6566,10,6,rejected,0,0.5,17.493,1545,770,354,0.005891,-0.458329,nan,-0.398008,-0.529247,-0.555425,True
192,Q012,0.3246,4,2,accepted,1,1.0,6.168,695,774,356,0.003348,-0.437669,nan,-0.365697,-0.490985,-0.566431,True
193,Q028,0.5409,4,2,accepted,1,1.0,3.211,621,778,358,0.00479,-0.507369,nan,-0.405704,-0.51969,-0.644344,True
194,Q025,0.4201,4,2,accepted,1,1.0,5.22,484,782,360,0.004967,-0.543348,nan,-0.462685,-0.524683,-0.61149,True
195,Q003,-0.7617,10,6,rejected,0,0.5,16.315,3108,792,365,0.005549,-0.438407,nan,-0.424291,-0.523812,-0.605889,True
196,Q007,0.5632,4,2,accepted,1,1.0,4.189,1033,796,367,0.002579,-0.470312,nan,-0.425399,-0.516756,-0.641316,True
197,Q021,0.2546,4,2,accepted,1,1.0,3.758,1087,800,369,0.004583,-0.515686,nan,-0.372387,-0.468854,-0.594714,True
198,Q009,0.4719,4,2,accepted,1,1.0,4.595,1317,804,371,0.005041,-0.509811,nan,-0.355392,-0.477682,-0.55742,True
199,Q011,-0.862,10,6,rejected,0,0.5,26.603,6195,814,376,0.002018,-0.555864,nan,-0.429864,-0.498217,-0.602389,True
200,Q025,0.4355,4,2,accepted,1,1.0,6.03,1868,818,378,0.005793,-0.482498,nan,-0.358927,-0.467811,-0.562897,True
